higher_order,n_werewolves,winrate,correct_score,num_rounds
False,1,0.832,0.41324312105544275,5.072
False,2,0.828,0.48260095574360584,6.036
False,3,0.846,0.6503942293450391,6.014
False,4,0.846,0.7765053960073328,6.242
False,5,0.808,0.8588166518173473,6.526
False,6,0.584,0.9010551977146632,6.554
False,7,0.162,0.902869873760974,4.822
False,8,0.012,0.8711007103222337,2.582
False,9,0.0,0.8349809523809535,1.072
